"recipeId","name","sourceYield","status","ingredients","weighted","workbook_calories","usda_calories","known_lower_calories","missing_calories","workbook_protein","usda_protein","known_lower_protein","missing_protein","workbook_sodium","usda_sodium","known_lower_sodium","missing_sodium","workbook_potassium","usda_potassium","known_lower_potassium","missing_potassium","workbook_phosphorus","usda_phosphorus","known_lower_phosphorus","missing_phosphorus","workbook_carbs","usda_carbs","known_lower_carbs","missing_carbs","workbook_fat","usda_fat","known_lower_fat","missing_fat","workbook_fiber","usda_fiber","known_lower_fiber","missing_fiber","workbook_calcium","usda_calcium","known_lower_calcium","missing_calcium"
"mango-salsa-wontons","Mango Salsa Wontons","24","partial","9","4","40","","6.862604166666666","5","1","","0.06934375","5","6","","0.25979166666666664","5","45","","13.779479166666667","5","11","","2.2235416666666663","5","7","","0.46236875000000005","5","0.7","","0.5762072916666666","5","0.5","","0.09008333333333333","5","4","","1.6308333333333334","5"
"artichoke-dip","Artichoke Dip","10","partial","7","4","40","","30.7875","3","1","","0.5776700000000001","3","113","","73.53450000000001","3","75","","17.9745","3","31","","14.342499999999998","3","4","","1.0829799999999998","3","2.4","","2.6985","3","1.5","","0","3","24","","15.357","3"
"fresh-tzatziki","Fresh Tzatziki","10","partial","6","4","20","","17.1085","2","2","","1.5943475","2","35","","19.64825","2","110","","105.43374999999999","2","47","","45.010000000000005","2","3","","2.6474450000000003","2","0.1","","0.09691999999999999","2","0.2","","0.214175","2","57","","54.5505","2"
"chicken-lettuce-wraps","Chicken Lettuce Wraps","6","partial","16","7","155","","63.27631944444445","9","11","","1.5023793055555554","9","364","","292.1789444444444","9","614","","278.3477361111111","9","149","","38.911527777777785","9","18","","14.33556208333333","9","5","","0.3973963888888888","9","2.8","","2.125656944444444","9","46","","28.23120833333333","9"
"sweet-and-spicy-meatballs","Sweet and Spicy Meatballs","18","partial","13","9","80","","65.53228771296297","4","5","","5.261966430537036","4","34","","34.90851652962962","4","81","","91.3442958240741","4","43","","49.72581218703704","4","8","","1.809806388888889","4","2.9","","3.986775861111112","4","0.4","","0.1898138888888889","4","11","","9.884047527777778","4"
"hot-crab-dip","Hot Crab Dip","10","partial","7","2","65","","0.5118333333333334","5","5","","0.012779166666666666","5","179","","0.045083333333333336","5","117","","1.9835833333333333","5","78","","0.33066666666666666","5","3","","0.128475","5","3.7","","0.0022199999999999998","5","0","","0.018525000000000003","5","51","","0.2605","5"
"mexican-layer-dip","Mexican Layer Dip","15","partial","12","6","110","","80.66699999999999","6","4","","1.1723649999999999","6","66","","19.83083333333333","6","347","","223.83183333333335","6","88","","31.737333333333332","6","11","","4.571043333333333","6","6.7","","7.098493333333334","6","4.2","","2.8495166666666663","6","53","","16.289","6"
"hummus","Hummus","8","partial","7","3","95","","3.4375","4","4","","0.09620000000000001","4","28","","0.2875","4","157","","12.8375","4","104","","2.3525","4","12","","0.8954500000000001","4","3.9","","0.020649999999999998","4","3.3","","0.07625000000000001","4","47","","2.2924999999999995","4"
"chili-lime-shrimp","Chili Lime Shrimp","4","partial","6","3","95","","8.046","3","20","","0.25580500000000006","3","105","","19.814750000000004","3","271","","33.254999999999995","3","203","","6.1875","3","2","","2.348875","3","0.8","","0.13363999999999998","3","0.4","","0.7196499999999999","3","67","","9.1125","3"
"easy-bruschetta","Easy Bruschetta","8","partial","9","3","170","","9.23575","6","8","","0.51422375","6","368","","23.101","6","265","","26.109875","6","99","","11.865250000000001","6","31","","1.08254875","6","1.9","","0.38118749999999996","6","2.1","","0.21761250000000001","6","78","","13.214875","6"
"eggplant-vegetable-soup","Eggplant Vegetable Soup","12","partial","14","10","145","","109.31029625000001","4","13","","9.725060075083332","4","252","","243.808061275","4","312","","145.0609790083333","4","156","","127.88935617499999","4","12","","6.184085","4","5.6","","5.101515304833334","4","2.2","","0.5773666666666667","4","106","","69.26303314166667","4"
"turkey-vegetable-soup","Turkey Vegetable Soup","12","partial","14","8","245","","222.15021208854168","6","24","","21.818398244531252","6","125","","94.19731142708333","6","498","","372.3269883104167","6","270","","218.47384499270834","6","8","","4.378869727968751","6","13.8","","12.795925221510418","6","1.5","","1.2692280588541667","7","99","","63.76415564270834","6"
"ginger-pork-soup","Ginger Pork Soup","8","partial","11","4","140","","18.458499999999997","7","13","","0.378075","7","194","","127.95524999999999","7","356","","17.595374999999997","7","134","","7.2105","7","8","","0.535245","7","6","","1.7056499999999999","7","1.1","","0.0506","7","28","","2.519375","7"
"creamy-carrot-thyme-soup","Creamy Carrot Thyme Soup","12","partial","7","3","100","","51.355694444444445","4","3","","0.22274055555555552","4","433","","2.1819166666666665","4","393","","12.167222222222222","4","65","","4.337111111111111","4","17","","8.00080388888889","4","2.6","","2.3884688888888888","4","3.2","","0.02940833333333333","4","50","","5.013833333333333","4"
"beef-chili","Beef Chili","8","partial","8","6","175","","209.82692415625","2","16","","16.269816546812503","2","83","","115.0401807875","2","330","","320.79015465625","2","130","","156.19555363125","2","5","","2.3601","2","10.5","","14.81871665625","2","1.4","","1.0243125","2","37","","27.032285406249997","2"
"strawberry-spinach-salad","Strawberry Spinach Salad","6","partial","8","6","95","","91.04599999999999","2","1","","0.22712249999999998","2","13","","0.9211666666666666","2","134","","49.93141666666666","2","15","","7.667000000000001","2","9","","8.086584166666666","2","6.9","","6.8542","2","0.9","","0.5800416666666667","2","20","","5.326499999999999","2"
"roasted-corn-and-edamame-salad","Roasted Corn and Edamame Salad","6","partial","11","6","65","","10.910270833333335","5","3","","0.15792020833333334","5","71","","69.6725","5","178","","26.872645833333337","5","52","","4.2015416666666665","5","10","","1.4337968749999999","5","2","","0.5884537499999999","5","1.6","","0.26345625","5","26","","2.5126874999999997","5"
"summertime-salad","Summertime Salad","6","partial","15","11","305","","143.08533333333335","4","6","","1.2021183333333334","4","185","","114.62525","4","457","","283.12283333333335","4","123","","33.894749999999995","4","24","","21.480634166666665","4","22.1","","6.806898333333333","4","3.9","","2.863041666666667","5","85","","15.368916666666669","4"
"zucchini-ribbon-salad","Zucchini-Ribbon Salad","6","partial","8","5","50","","37.25241666666666","3","2","","1.4790958333333333","3","272","","260.79208333333327","3","358","","196.34783333333328","3","60","","38.113416666666666","3","5","","2.6211491666666666","3","2.8","","2.6352891666666665","3","1.5","","0.7291333333333333","4","22","","12.72","3"
"mandarin-salad","Mandarin Salad","4","partial","12","5","295","","108.5545","7","7","","0.2366","7","245","","146.90812499999998","7","476","","102.906","7","121","","10.606","7","37","","12.636385","7","14.8","","6.9047","7","5.2","","2.184","7","67","","6.879624999999999","7"
"chipotle-chicken-salad","Chipotle Chicken Salad","4","partial","7","4","195","","123.21540625","3","21","","22.0056928125","3","442","","72.414375","3","258","","260.40521874999996","3","159","","168.6735625","3","5","","1.7298890625","3","9.8","","2.5542681249999992","3","0.6","","0.5921843750000001","3","25","","23.21840625","3"
"spinach-apple-and-walnut-salad","Spinach, Apple and Walnut Salad","4","partial","8","4","380","","107.44225","4","9","","1.769375","4","170","","47.941250000000004","4","580","","353.328","4","182","","30.917999999999996","4","29","","3.2648924999999998","4","27.1","","10.3956","4","5.1","","1.36575","4","153","","60.677","4"
"mexican-vegetable-salad","Mexican Vegetable Salad","6","partial","11","7","70","","60.403333333333336","4","1","","0.7479166666666667","4","88","","3.816666666666667","4","288","","177.13","4","34","","20.474999999999998","4","7","","5.045850000000001","4","4.8","","4.6713","4","1.9","","1.1976666666666669","4","24","","10.198333333333334","4"
"fall-harvest-orzo-salad","Fall Harvest Orzo Salad","8","partial","9","6","305","","107.8950625","3","7","","1.949366875","3","121","","97.27274999999999","3","146","","66.82356250000001","3","110","","37.298750000000005","3","40","","5.148671875000001","3","13.5","","9.25528875","3","3.6","","0.81984375","3","71","","48.7594375","3"
"warm-potato-and-kale-mix","Warm Potato and Kale Mix","2","partial","9","3","350","","77.905","6","10","","0.5354","6","162","","1.9900000000000002","6","1233","","64.4825","6","178","","13.895","6","65","","4.2319","6","7.4","","6.7975","6","9.1","","0.7115","6","104","","11.9825","6"
"spicy-sweet-potato-fries","Spicy Sweet Potato Fries","6","partial","5","4","115","","5.4921041666666675","1","2","","0.013986041666666666","1","238","","193.83541666666665","1","544","","2.213979166666667","1","62","","0.2954583333333333","1","25","","1.4011152083333334","1","0.8","","0.01878125","1","3.8","","0.03252291666666667","2","44","","0.4566041666666667","1"
"mashed-tomato-potatoes","Mashed Tomato Potatoes","8","partial","9","6","190","","174.61772173000003","3","6","","4.72417734925","3","262","","121.864179772","3","578","","726.81424255","3","125","","127.14566272500001","3","25","","22.539326050000003","3","8.1","","7.972361589200001","3","3.2","","1.130625","4","114","","76.0758466945","3"
"grilled-sweet-potatoes-and-scallions","Grilled Sweet Potatoes and Scallions","4","partial","9","5","570","","389.26875","4","5","","0.73846875","4","257","","12.869375","4","1007","","143.63875000000002","4","123","","18.693125000000002","4","46","","5.431368750000001","4","41.3","","40.586625000000005","4","7.1","","0.90375","5","106","","33.574374999999996","4"
"roasted-brussels-sprouts","Roasted Brussels Sprouts","6","partial","7","5","85","","96.44456831555556","2","4","","4.285001332111111","2","128","","94.93201207055556","2","244","","374.6375730388889","2","74","","87.67977951944447","2","6","","8.373479332333332","2","6.1","","6.096166148416667","2","2","","3.645560881000001","2","76","","67.35260913666667","2"
"grilled-asparagus-with-mozzarella","Grilled Asparagus With Mozzarella","4","partial","8","4","230","","143.0325","4","10","","2.2812187500000003","4","200","","2.9475","4","274","","223.03625","4","203","","53.76375","4","7","","4.99159375","4","19.5","","13.66400625","4","2.2","","2.1766875","4","239","","26.34375","4"
"grilled-vegetables","Grilled Vegetables","4","partial","8","4","80","","80.1175","4","2","","0.9430999999999999","4","45","","5.2825","4","389","","171.11499999999998","4","66","","27.7425","4","11","","4.34035","4","3.9","","6.9380500000000005","4","2.5","","0.9732500000000001","4","43","","15.59","4"
"noodles-romano","Noodles Romano","6","partial","8","6","380","","381.83087413333334","2","13","","11.328506250229168","2","332","","322.1370334895833","2","157","","276.0587084354167","2","237","","258.0591359083333","2","32","","31.692139103729172","2","23.9","","24.687483958354168","2","3.2","","3.6320644200000003","2","211","","170.37638066666668","2"
"quinoa-with-black-beans-and-avocado","Quinoa With Black Beans and Avocado","6","partial","13","9","260","","201.71083333333334","4","9","","5.16255","4","8","","7.449583333333333","4","596","","429.9783333333334","4","230","","160.215","4","37","","24.4303125","4","9.1","","10.116983333333334","4","9.7","","5.053","4","62","","30.668750000000006","4"
"roasted-vegetables","Roasted Vegetables","8","partial","11","4","95","","60.6275","7","2","","0.460475","7","46","","2.53125","7","381","","86.25812499999999","7","47","","12.2925","7","16","","3.5890750000000002","7","3.6","","5.1655","7","2.6","","0.8585","8","29","","6.105625","7"
"couscous-and-feta-stuffed-peppers","Couscous and Feta-Stuffed Peppers","4","partial","13","6","400","","175.72082582083337","7","19","","5.170972453395833","7","385","","9.882636802083335","7","797","","370.78031587395833","7","272","","93.52366594791667","7","57","","28.61512249965625","7","12.1","","4.748676612989583","7","9.5","","3.079152360416667","7","151","","31.021172834375","7"
"grilled-salmon-with-papaya-mint-salsa","Grilled Salmon With Papaya-Mint Salsa","4","partial","12","2","195","","2.9453125","10","25","","0.13025625000000002","10","56","","1.075625","10","533","","21.674062499999998","10","345","","2.841875","10","3","","0.77713125","10","8.9","","0.014521875","10","0.5","","0.177625","10","21","","5.029375","10"
"rosemary-sage-burger-with-apple-slaw-and-chive-mayo","Rosemary Sage Burger With Apple Slaw and Chive Mayo","4","partial","14","10","285","","182.98972423958332","4","19","","9.245892729791665","4","356","","218.12691770083333","4","420","","315.1119483052083","4","192","","108.37635800416668","4","25","","20.440152500000003","4","12.5","","7.91646094","4","2.6","","1.8529125","5","77","","57.00673392668751","4"
"peach-pork-tenderloin","Peach Pork Tenderloin","8","partial","11","7","190","","187.7814104083333","4","22","","24.34578069125","4","85","","70.89265569166666","4","580","","545.4455869916667","4","277","","294.33601764166673","4","15","","15.549422395833332","4","4.4","","2.9217442322500005","4","0.9","","0.9418093750000001","4","19","","17.855706708333333","4"
"salmon-with-pineapple-salsa","Salmon With Pineapple Salsa","6","partial","11","7","185","","12.572333333333333","4","22","","0.5866308333333333","4","180","","171.14433333333332","4","457","","52.88099999999999","4","297","","12.077999999999998","4","8","","2.4619216666666666","4","7.2","","0.05308833333333334","4","0.4","","0.25683333333333336","4","19","","4.774166666666666","4"
"sweet-potato-burgers","Sweet Potato Burgers","4","partial","12","6","365","","168.97054166666666","6","15","","1.4697316666666667","6","286","","11.466333333333335","6","632","","56.99220833333333","6","247","","21.346","6","62","","10.557072083333333","6","6.8","","13.675935833333334","6","12.9","","0.8084500000000001","6","126","","8.089125000000001","6"
"baked-salmon","Baked Salmon","4","partial","8","5","245","","92.6889375","3","21","","0.13092937500000001","3","83","","0.7678125","3","416","","12.587","3","291","","2.9465","3","1","","0.74903125","3","17.3","","10.145464375000001","3","0.2","","0.08905625","3","19","","4.214312499999999","3"
"shrimp-and-crab-gumbo","Shrimp and Crab Gumbo","6","partial","15","8","415","","360.01223731944447","7","18","","13.111283308611112","7","501","","53.12513224722222","7","418","","236.86587695555554","7","283","","170.14563931666666","7","60","","53.86745555555556","7","11.2","","9.765482312805556","7","2","","1.5925","8","75","","70.47825973333333","7"
"chicken-and-spanish-rice","Chicken and Spanish Rice","5","partial","9","8","360","","405.9739","1","23","","27.833236","1","57","","62.0943","1","379","","443.7826","1","300","","382.1326","1","51","","55.906634","1","7","","7.238567999999999","1","6.7","","4.22533","1","51","","27.7993","1"
"grilled-malt-chicken-with-peppers-and-onion","Grilled Malt Chicken With Peppers and Onion","8","partial","14","7","155","","134.57749430000004","7","20","","13.14228353125","7","215","","184.1504724325","7","276","","245.08729012499995","7","156","","131.70632443750003","7","4","","2.645065625","7","6.3","","7.912977842625","7","0.9","","0.6061187499999999","8","23","","9.26825492225","7"
"summer-shrimp","Summer Shrimp","4","partial","11","6","85","","47.86902083333334","5","9","","0.737983125","5","48","","3.5416666666666665","5","218","","110.8785625","5","104","","17.710041666666665","5","4","","4.069382291666667","5","3.6","","3.513810833333333","5","1.3","","1.2782520833333333","5","40","","10.447479166666666","5"
"coffee-ancho-chile-rubbed-flat-iron-steak","Coffee-Ancho Chile-Rubbed Flat Iron Steak","4","partial","4","2","290","","2.54","2","20","","0.0017333333333333335","2","155","","0.09703125","2","365","","0.02","2","169","","0.08666666666666666","2","5","","0.6084666666666666","2","21.1","","0.0003333333333333333","2","0.9","","0.006","2","17","","0.19848958333333333","2"
"mushroom-and-broccoli-risotto","Mushroom and Broccoli Risotto","4","partial","10","6","300","","70.12592899124999","4","10","","3.4405682257500003","4","136","","57.27828982225","4","419","","334.24714266875","4","189","","93.398298275","4","49","","5.875706957125001","4","5.8","","4.401826792525","4","2.5","","1.8925126273750001","4","76","","43.93978902525","4"
"strawberry-mango-parfaits-with-ginger-topping","Strawberry-Mango Parfaits With Ginger Topping","4","partial","8","2","380","","30.0475","6","4","","0.6103500000000001","6","142","","0.9075","6","351","","142.49","6","106","","21.2375","6","78","","7.1804","6","7.2","","0.2645","6","2.9","","1.6755","6","128","","14.1325","6"
"chocolate-chip-cookies","Chocolate Chip Cookies","6","partial","7","5","230","","85.22758333333333","2","5","","0.0259525","2","128","","26.605333333333334","2","192","","5.660916666666668","2","110","","0.4123333333333334","2","13","","5.988130833333334","2","19.1","","6.738053333333333","2","2.8","","0.071525","2","52","","1.689","2"
"strawberry-lime-dessert","Strawberry Lime Dessert","6","partial","5","2","90","","61.50666666666667","3","1","","0.5103583333333334","3","8","","6.995000000000001","3","136","","30.709166666666665","3","30","","14.159166666666666","3","9","","1.7665","3","6.4","","6.1785749999999995","3","1.5","","0.31266666666666665","3","26","","17.4275","3"
"light-and-creamy-cranberry-fresh-fruit-dip","Light and Creamy Cranberry Fresh Fruit Dip","12","partial","4","3","45","","25.8808208125","1","1","","0.5616948199166666","1","21","","16.8381753875","1","47","","25.036006554166665","1","25","","18.115322979166667","1","7","","0.85457520675","1","1.2","","2.2861939333333336","1","0.1","","0.014820833333333333","1","25","","19.7827527","1"
"blackberry-cobbler","Blackberry Cobbler","6","partial","11","7","430","","304.7515555555555","4","4","","1.2800116666666668","4","21","","9.487673611111111","4","156","","49.34744444444445","4","77","","17.16644444444444","4","65","","41.73987555555555","4","18.2","","15.474145000000002","4","3.4","","0.41430000000000006","5","55","","29.051034722222226","4"
"coconut-angel-food-cake","Coconut Angel Food Cake","12","partial","15","9","215","","70.55524999999999","6","4","","2.9372147222222225","6","94","","91.36522222222224","6","167","","120.57048611111111","6","27","","8.841819444444443","6","44","","12.746845416666666","6","2.4","","0.8520279166666666","6","2.2","","0.2881222222222222","7","10","","4.966319444444445","6"
"lemon-ricotta-pie","Lemon Ricotta Pie","8","partial","5","1","105","","0.7560000000000001","4","8","","0.0001575","4","127","","0.023625000000000004","4","98","","0.3885","4","130","","0.01575","4","4","","0.03320625","4","6.2","","0.0001575","4","0.1","","0","4","156","","0.028875","4"
"bread-pudding","Bread Pudding","8","partial","6","2","145","","46.04025","4","4","","0.0129675","4","170","","0.15","4","109","","1.6357500000000003","4","51","","0.20800000000000002","4","28","","11.964917499999999","4","2.1","","0.04163","4","1","","0.172575","5","74","","3.3740000000000006","4"
"bran-muffin","Bran Muffin","12","partial","8","7","120","","115.62622222222222","1","5","","4.682205833333334","1","100","","73.26702777777777","1","159","","156.71927777777776","1","175","","229.49719444444443","1","27","","27.06304472222222","1","1.9","","1.4583975","1","2.9","","2.864808333333334","2","96","","105.95838888888886","1"
"apple-muffin","Apple Muffin","12","partial","9","6","165","","141.09441666666666","3","3","","1.6276799999999998","3","116","","105.42125","3","47","","19.722833333333334","3","33","","17.148","3","15","","12.322396666666668","3","10.1","","9.241138333333334","3","0.9","","0.5944500000000001","3","11","","6.213166666666666","3"
"key-lime-pie","Key Lime Pie","10","partial","11","5","260","","74.23049999999999","6","6","","0.15807","6","153","","1.2429999999999999","6","228","","35.164","6","151","","4.607750000000001","6","42","","6.456585","6","8.1","","5.795720000000001","6","0.6","","0.23615","7","137","","5.662000000000001","6"
"zesty-lemon-tart","Zesty Lemon Tart","1","partial","4","0","195","","0","4","5","","0","4","159","","0","4","211","","0","4","138","","0","4","29","","0","4","7","","0","4","0.7","","0","4","154","","0","4"
"homemade-salt-free-mexican-spice-mix","Homemade Salt-Free Mexican Spice Mix","8","partial","5","4","20","","15.969312499999997","1","1","","0.726480625","1","37","","59.555749999999996","1","112","","92.1971875","1","23","","17.422375000000002","1","4","","3.1867581250000003","1","0.7","","0.48732562499999993","1","1.5","","1.421675","1","24","","14.113187499999999","1"
"homemade-mayonnaise","Homemade Mayonnaise","24","partial","6","2","105","","99.66166666666668","4","0","","0.010866666666666665","4","27","","0.2304166666666667","4","4","","0.42","4","4","","0.345","4","0","","0.011704166666666667","4","11.5","","11.265099999999999","4","0","","0.005083333333333333","4","1","","0.22333333333333336","4"
"coffee-ancho-chile-rub","Coffee-Ancho Chile Rub","14","partial","9","5","30","","22.41254761904762","4","0","","0.12929214285714286","4","340","","334.0598095238096","4","73","","21.347166666666663","4","9","","3.1770952380952378","4","7","","5.545474047619047","4","0.2","","0.11973571428571428","4","0.6","","0.22850714285714283","4","10","","6.773404761904762","4"
"simple-kebob-marinade","Simple Kebob Marinade","8","partial","5","4","200","","184.94968749999998","1","1","","0.758365625","1","266","","287.22249999999997","1","23","","33.683125","1","10","","14.106875","1","5","","0.8324906249999999","1","20.3","","20.28493125","1","0.1","","0.07509374999999999","1","3","","3.500625","1"
"roasted-garlic","Roasted Garlic","36","partial","2","0","5","","0","2","0","","0","2","1","","0","2","12","","0","2","5","","0","2","1","","0","2","0","","0","2","0.1","","0","2","5","","0","2"
"basic-chicken-stock","Basic Chicken Stock","10","partial","9","3","65","","38.8797","6","4","","0.128553","6","32","","0.35700000000000004","6","102","","14.008799999999999","6","27","","2.2925999999999997","6","3","","0.754725","6","4","","4.081362","6","0","","0.23270999999999997","6","20","","4.9806","6"
"andouille-vegan-sausage","Andouille Vegan Sausage","","unavailable","0","0","237.27","","","1","11.75","","","1","37.79","","","1","424.32","","","1","94.33","","","1","34.54","","","1","6.79","","","1","6","","","1","151.35","","","1"
"apple-spice-bundt-cake","Apple Spice Bundt Cake","","unavailable","0","0","148","","","1","2.07","","","1","8.22","","","1","98.59","","","1","47.94","","","1","25.56","","","1","3.24","","","1","1.05","","","1","25.75","","","1"
"caramel-apple-pound-cake","Caramel Apple Pound Cake","","unavailable","0","0","123.43","","","1","4.19","","","1","88.08","","","1","109.26","","","1","24.18","","","1","15.73","","","1","4.89","","","1","1.27","","","1","10.44","","","1"
"cauliflower-etouffee-low-sodium","Cauliflower Etouffee - Low Sodium","","unavailable","0","0","523.11","","","1","15.73","","","1","387.78","","","1","881.76","","","1","171.9","","","1","71.93","","","1","20.06","","","1","15.43","","","1","166.74","","","1"
"chicken-seitan-tacos","Chicken Seitan Tacos","","unavailable","0","0","259","","","1","9.66","","","1","165.68","","","1","268.49","","","1","269.99","","","1","36.92","","","1","8.88","","","1","4.2","","","1","164.84","","","1"
"chicken-seitan","Chicken Seitan","","unavailable","0","0","135.35","","","1","5.93","","","1","41.13","","","1","149.54","","","1","74.25","","","1","25.47","","","1","1.12","","","1","0.84","","","1","10.09","","","1"
"ginger-roasted-chicken-breast","Ginger Roasted Chicken Breast","","unavailable","0","0","151.1","","","1","27.9","","","1","234.2","","","1","414.6","","","1","244.8","","","1","0.2","","","1","3.3","","","1","0","","","1","7.2","","","1"
"herb-blend-for-meat-and-chicken","Herb Blend for Meat and Chicken","","unavailable","0","0","47.1","","","1","1.7","","","1","5","","","1","137.2","","","1","41.1","","","1","7.5","","","1","2.2","","","1","4.6","","","1","182.9","","","1"
"herb-lemon-chicken","Herb Lemon Chicken","","unavailable","0","0","129.8","","","1","23.2","","","1","46.8","","","1","366.4","","","1","223.2","","","1","1.4","","","1","3","","","1","0.6","","","1","28.9","","","1"
"home-made-spice-cake-mix","Home Made Spice Cake Mix","","unavailable","0","0","100.9","","","1","1.5","","","1","0.9","","","1","61.6","","","1","44.77","","","1","21","","","1","0.2","","","1","0.5","","","1","21.9","","","1"
"italian-meat-balls","Italian Meat Balls","","unavailable","0","0","183","","","1","17.5","","","1","66.3","","","1","413","","","1","276.6","","","1","12.4","","","1","7.3","","","1","3","","","1","20.5","","","1"
"philly-cheese-steak","Philly Cheese Steak","","unavailable","0","0","372.2","","","1","16.8","","","1","132.9","","","1","305.9","","","1","274.9","","","1","47.3","","","1","13","","","1","2.6","","","1","323.6","","","1"
"salt-free-egg-bread","Salt Free Egg Bread","","unavailable","0","0","176.6","","","1","5.4","","","1","74.4","","","1","61.8","","","1","49.1","","","1","34.4","","","1","1.7","","","1","1.4","","","1","108.5","","","1"
"vegan-jambalaya-low-sodium","Vegan Jambalaya - Low Sodium","","unavailable","0","0","281","","","1","6.1","","","1","144.2","","","1","510.8","","","1","200.1","","","1","52.4","","","1","5.6","","","1","5.9","","","1","68.4","","","1"
"vegan-jambalaya","Vegan Jambalaya","","unavailable","0","0","280","","","1","6.4","","","1","443.2","","","1","535.5","","","1","203.8","","","1","52","","","1","5.7","","","1","5.3","","","1","60.9","","","1"
"white-rice-long-grain-enriched-dry-per-100-grams","White rice, long grain, enriched, dry (per 100 grams)","","unavailable","0","0","365","","","1","7.13","","","1","5","","","1","115","","","1","115","","","1","79.95","","","1","0.66","","","1","1.3","","","1","28","","","1"
"spice-rubbed-pork-tenderolin-with-fennel-tomatoes-artichokes-and-olives","Spice-Rubbed Pork Tenderolin with Fennel, Tomatoes, Artichokes, and Olives","","unavailable","0","0","262.53","","","1","26.59","","","1","436.91","","","1","1286.07","","","1","429.49","","","1","16.39","","","1","10.89","","","1","6.89","","","1","79.89","","","1"
"grilled-steak-peperonata","Grilled Steak Peperonata","","unavailable","0","0","360.85","","","1","26.63","","","1","260.27","","","1","757.44","","","1","265.69","","","1","11.07","","","1","22.88","","","1","2.73","","","1","77.66","","","1"
"roasted-chicken-thighs-with-fennel-olive-and-orange-sauce","Roasted Chicken Thighs with Fennel, Olive, and Orange Sauce","","unavailable","0","0","233.72","","","1","23.41","","","1","165.82","","","1","479.26","","","1","231.96","","","1","2.23","","","1","13.93","","","1","0.53","","","1","62.46","","","1"
"sauteed-chicken-breasts-with-cherry-tomatoes-zucchini-and-yellow-squash","Sauteed Chicken Breasts with Cherry Tomatoes, Zucchini, and Yellow Squash","","unavailable","0","0","391.57","","","1","37.14","","","1","180.14","","","1","1266.22","","","1","424.43","","","1","23.18","","","1","17","","","1","4.01","","","1","62.14","","","1"
"pan-roasted-sea-bass","Pan-Roasted Sea Bass","","unavailable","0","0","180.33","","","1","27.74","","","1","98.79","","","1","46.17","","","1","586.04","","","1","3.75","","","1","7.02","","","1","1.4","","","1","203.11","","","1"
"spicy-chickpeas-with-turnips","Spicy Chickpeas with Turnips","","unavailable","0","0","298.47","","","1","13.42","","","1","329.5","","","1","833.4","","","1","234.36","","","1","43.56","","","1","9.38","","","1","13.9","","","1","224.4","","","1"
"green-olive-and-orange-pesto","Green Olive and Orange Pesto","","unavailable","0","0","356.91","","","1","8.02","","","1","443.88","","","1","615.79","","","1","189.76","","","1","2.62","","","1","34.38","","","1","0.67","","","1","231.87","","","1"
"roasted-red-pepper-pesto","Roasted Red Pepper Pesto","","unavailable","0","0","190.53","","","1","1.77","","","1","65.75","","","1","162.52","","","1","40.38","","","1","3.75","","","1","19.15","","","1","0.84","","","1","56.21","","","1"
"quick-tomato-sauce","Quick Tomato Sauce","","unavailable","0","0","100.37","","","1","1.73","","","1","21.83","","","1","404.05","","","1","25.53","","","1","8.56","","","1","7.1","","","1","3.11","","","1","70.54","","","1"
"spaghetti-al-limone","Spaghetti al Limone","","unavailable","0","0","484.13","","","1","12.73","","","1","563.33","","","1","211.73","","","1","205.68","","","1","59.09","","","1","21.83","","","1","2.61","","","1","104.58","","","1"
"warm-farro-with-lemon-and-herbs","Warm Farro with Lemon and Herbs","","unavailable","0","0","330.7","","","1","9.46","","","1","471.71","","","1","153.51","","","1","23.3","","","1","46.86","","","1","10.16","","","1","8.8","","","1","77.19","","","1"
"bulgur-salad-with-carrots-and-almonds","Bulgur Salad with Carrots and Almonds","","unavailable","0","0","301.34","","","1","14.46","","","1","54.85","","","1","706.2","","","1","364.26","","","1","6.74","","","1","28.35","","","1","7.02","","","1","136.03","","","1"
"brown-rice-with-tomatoes-and-chickpeas","Brown Rice with Tomatoes and Chickpeas","","unavailable","0","0","315.7","","","1","12.06","","","1","194.05","","","1","659.63","","","1","282.37","","","1","24.63","","","1","7.29","","","1","7.11","","","1","74.08","","","1"
